,0,1
CGPA,5.7947130191320575,8.003504078402727
AttendancePercent,67.14245033588719,81.70206269184685
Internships,0.5350559962669156,1.4369978086194302
Projects,1.139699020065329,2.615564889213538
Workshops,0.970601421892013,2.239907689220375
Certifications,0.9529864675688288,2.4419588507426346
Publications,0.26948203453103126,0.9786036036036037
AptitudeTestScore,56.54177537384664,75.25697712850344
SoftSkillsRating,2.304618284637135,3.59667528387709
CodingTestScore,39.60289846077458,66.69338121118012
MockInterviewScore,39.19029560482303,63.85578890502076
ExtraCurricular,0.36753383107792814,0.6193389335281227
